Feature,Cluster_A,Cluster_B,N_A,N_B,Median_A,Median_B,U_Statistic,Raw_P_Value,Rank_Biserial,Abs_Rank_Biserial,Holm_Adjusted_P,Significant_Holm
Age,0,1,635,390,45.0,50.0,101612.0,1.3736804059877842e-06,-0.17939026852412676,0.17939026852412676,1.2363123653890058e-05,True
Age,0,2,635,1162,45.0,42.0,413877.0,1.905675322988136e-05,0.12181549595457186,0.12181549595457186,0.00015245402583905087,True
Age,0,3,635,30,45.0,45.5,9305.5,0.8312892119155443,-0.023044619422572188,0.023044619422572188,1.0,False
Age,0,4,635,20,45.0,44.0,6447.5,0.907297195990251,0.015354330708661434,0.015354330708661434,1.0,False
Age,1,2,390,1162,50.0,42.0,303525.0,9.205864253629302e-24,0.33953396001588776,0.33953396001588776,9.205864253629302e-23,True
Age,1,3,390,30,50.0,45.5,6848.0,0.11929694415798625,0.17059829059829057,0.17059829059829057,0.7157816649479175,False
Age,1,4,390,20,50.0,44.0,4565.0,0.19834857589207544,0.17051282051282057,0.17051282051282057,0.9917428794603772,False
Age,2,3,1162,30,42.0,45.5,14367.0,0.09981585401746543,-0.17573149741824445,0.17573149741824445,0.698710978122258,False
Age,2,4,1162,20,42.0,44.0,10741.0,0.5614871434206155,-0.07564543889845099,0.07564543889845099,1.0,False
Age,3,4,30,20,45.5,44.0,302.5,0.9683784737918052,0.008333333333333304,0.008333333333333304,1.0,False
Income,0,1,635,390,73705.0,60127.0,197599.0,7.588965937712888e-58,0.5957924490207955,0.5957924490207955,6.07117275017031e-57,True
Income,0,2,635,1162,73705.0,36309.0,715151.5,9.005100257461715e-238,0.9384214021440092,0.9384214021440092,9.005100257461715e-237,True
Income,0,3,635,30,73705.0,70896.5,10043.0,0.6147616353811993,0.05438320209973746,0.05438320209973746,0.6147616353811993,False
Income,0,4,635,20,73705.0,39341.0,11015.0,2.1668656924516907e-08,0.7346456692913386,0.7346456692913386,1.3001194154710145e-07,True
Income,1,2,390,1162,60127.0,36309.0,414857.0,1.8981321936672635e-133,0.8308707356900129,0.8308707356900129,1.7083189743005372e-132,True
Income,1,3,390,30,60127.0,70896.5,3742.5,0.001006548665393812,-0.3602564102564103,0.3602564102564103,0.003019645996181436,True
Income,1,4,390,20,60127.0,39341.0,5780.0,0.0002765208284805803,0.4820512820512821,0.4820512820512821,0.0011060833139223212,True
Income,2,3,1162,30,36309.0,70896.5,1766.0,3.9668231881393684e-17,-0.8986804360298336,0.8986804360298336,2.7767762316975577e-16,True
Income,2,4,1162,20,36309.0,39341.0,8670.0,0.051339751060888075,-0.25387263339070565,0.25387263339070565,0.10267950212177615,False
Income,3,4,30,20,70896.5,39341.0,501.0,7.158107943367352e-05,0.6699999999999999,0.6699999999999999,0.00035790539716836763,True
Kidhome,0,1,635,390,0.0,0.0,110298.0,6.797341751431739e-08,-0.10924288310115082,0.10924288310115082,4.078405050859043e-07,True
Kidhome,0,2,635,1162,0.0,1.0,135496.0,4.7443759261657245e-142,-0.6327374740808002,0.6327374740808002,4.7443759261657245e-141,True
Kidhome,0,3,635,30,0.0,0.0,9554.0,0.9497251322323667,0.00304461942257217,0.00304461942257217,0.9497251322323667,False
Kidhome,0,4,635,20,0.0,1.0,2982.0,7.29742631117789e-17,-0.5303937007874016,0.5303937007874016,5.837941048942312e-16,True
Kidhome,1,2,390,1162,0.0,1.0,106689.0,4.3172520506355685e-72,-0.5291539785515689,0.5291539785515689,3.8855268455720114e-71,True
Kidhome,1,3,390,30,0.0,0.0,6511.0,0.11435820744709657,0.11299145299145308,0.11299145299145308,0.3430746223412897,False
Kidhome,1,4,390,20,0.0,1.0,2231.0,3.2148126018802138e-06,-0.4279487179487179,0.4279487179487179,1.6074063009401067e-05,True
Kidhome,2,3,1162,30,1.0,0.0,28580.0,5.928828171167037e-13,0.6397016637980493,0.6397016637980493,4.150179719816926e-12,True
Kidhome,2,4,1162,20,1.0,1.0,12671.0,0.39942964970399397,0.09044750430292603,0.09044750430292603,0.7988592994079879,False
Kidhome,3,4,30,20,0.0,1.0,139.0,4.672059490967297e-05,-0.5366666666666666,0.5366666666666666,0.00018688237963869188,True
Teenhome,0,1,635,390,0.0,1.0,43014.5,2.952043768274292e-89,-0.6526186149808197,0.6526186149808197,2.952043768274292e-88,True
Teenhome,0,2,635,1162,0.0,0.0,283915.0,2.0582024586620414e-21,-0.23044709772724192,0.23044709772724192,1.646561966929633e-20,True
Teenhome,0,3,635,30,0.0,0.0,8021.5,0.052926097716963785,-0.15784776902887143,0.15784776902887143,0.21170439086785514,False
Teenhome,0,4,635,20,0.0,0.5,4691.5,0.00848956100491169,-0.2611811023622047,0.2611811023622047,0.04244780502455845,True
Teenhome,1,2,390,1162,1.0,0.0,323291.0,1.1796261646003943e-47,0.4267664062844785,0.4267664062844785,1.0616635481403548e-46,True
Teenhome,1,3,390,30,1.0,0.0,8694.0,1.8466541274446222e-10,0.48615384615384616,0.48615384615384616,1.2926578892112356e-09,True
Teenhome,1,4,390,20,1.0,0.5,5371.0,2.578219155236001e-05,0.3771794871794871,0.3771794871794871,0.00015469314931416007,True
Teenhome,2,3,1162,30,0.0,0.0,18623.0,0.462655311131274,0.06844520940906484,0.06844520940906484,1.0,False
Teenhome,2,4,1162,20,0.0,0.5,11183.0,0.7409945258478428,-0.037607573149741835,0.037607573149741835,1.0,False
Teenhome,3,4,30,20,0.0,0.5,269.0,0.4885984724316569,-0.10333333333333339,0.10333333333333339,1.0,False
Recency,0,1,635,390,48.0,56.5,107908.5,0.0005420161481584514,-0.12854027861901873,0.12854027861901873,0.005420161481584514,True
Recency,0,2,635,1162,48.0,48.0,365401.5,0.7368498061430132,-0.009577567864257897,0.009577567864257897,1.0,False
Recency,0,3,635,30,48.0,52.5,9340.0,0.8575866024265313,-0.01942257217847765,0.01942257217847765,1.0,False
Recency,0,4,635,20,48.0,48.5,5964.5,0.644012322874365,-0.060708661417322785,0.060708661417322785,1.0,False
Recency,1,2,390,1162,56.5,48.0,252944.0,0.0005787233558111873,0.11630698618650426,0.11630698618650426,0.005420161481584514,True
Recency,1,3,390,30,56.5,52.5,6397.5,0.39318443877265696,0.09358974358974348,0.09358974358974348,1.0,False
Recency,1,4,390,20,56.5,48.5,4181.5,0.5866386089877306,0.07217948717948719,0.07217948717948719,1.0,False
Recency,2,3,1162,30,48.0,52.5,17364.5,0.972145199017014,-0.0037578886976477044,0.0037578886976477044,1.0,False
Recency,2,4,1162,20,48.0,48.5,10997.0,0.6808601605823859,-0.053614457831325346,0.053614457831325346,1.0,False
Recency,3,4,30,20,52.5,48.5,285.5,0.7815334640197326,-0.04833333333333334,0.04833333333333334,1.0,False
TenureDays,0,1,635,390,386.0,405.5,114701.5,0.047411095131012625,-0.07368059761760548,0.07368059761760548,0.3318776659170884,False
TenureDays,0,2,635,1162,386.0,322.0,401765.5,0.0017942950090364845,0.08898721997099757,0.08898721997099757,0.01614865508132836,True
TenureDays,0,3,635,30,386.0,384.5,9548.0,0.9825419155662597,0.002414698162729767,0.002414698162729767,1.0,False
TenureDays,0,4,635,20,386.0,526.0,5160.5,0.15358231796485516,-0.18732283464566934,0.18732283464566934,0.921493907789131,False
TenureDays,1,2,390,1162,405.5,322.0,266374.0,2.0487538822941077e-07,0.17557703340835862,0.17557703340835862,2.0487538822941076e-06,True
TenureDays,1,3,390,30,405.5,384.5,6337.5,0.4471755380051671,0.08333333333333326,0.08333333333333326,1.0,False
TenureDays,1,4,390,20,405.5,526.0,3433.0,0.36675769176705086,-0.11974358974358978,0.11974358974358978,1.0,False
TenureDays,2,3,1162,30,322.0,384.5,15828.5,0.3897878881944308,-0.09188181296615028,0.09188181296615028,1.0,False
TenureDays,2,4,1162,20,322.0,526.0,8445.0,0.03596852812187752,-0.2732358003442341,0.2732358003442341,0.2877482249750202,False
TenureDays,3,4,30,20,384.5,526.0,242.0,0.25477250460697987,-0.19333333333333336,0.19333333333333336,1.0,False
TotalSpend,0,1,635,390,1234.0,734.0,195176.5,3.1618625911284677e-54,0.5762285483545326,0.5762285483545326,2.529490072902774e-53,True
TotalSpend,0,2,635,1162,1234.0,74.0,729910.0,2.715063809278285e-258,0.9784243836990256,0.9784243836990256,2.715063809278285e-257,True
TotalSpend,0,3,635,30,1234.0,1375.0,8459.0,0.30008998107686646,-0.11191601049868771,0.11191601049868771,0.30008998107686646,False
TotalSpend,0,4,635,20,1234.0,95.5,11589.0,3.2361764910688946e-10,0.8250393700787402,0.8250393700787402,1.941705894641337e-09,True
TotalSpend,1,2,390,1162,734.0,74.0,435660.5,4.2193781172469476e-164,0.9226819365373582,0.9226819365373582,3.7974403055222527e-163,True
TotalSpend,1,3,390,30,734.0,1375.0,2650.0,5.916774108399067e-07,-0.5470085470085471,0.5470085470085471,2.9583870541995336e-06,True
TotalSpend,1,4,390,20,734.0,95.5,5985.0,5.5072198775036345e-05,0.5346153846153847,0.5346153846153847,0.00016521659632510904,True
TotalSpend,2,3,1162,30,74.0,1375.0,1891.0,7.007354257046747e-17,-0.891508892713712,0.891508892713712,4.905147979932722e-16,True
TotalSpend,2,4,1162,20,74.0,95.5,9059.0,0.0907092924716627,-0.22039586919104992,0.22039586919104992,0.1814185849433254,False
TotalSpend,3,4,30,20,1375.0,95.5,529.0,6.024787167621196e-06,0.7633333333333334,0.7633333333333334,2.4099148670484785e-05,True
TotalPurchases,0,1,635,390,19.0,17.0,153118.0,1.7600207533629617e-10,0.23656773672521703,0.23656773672521703,1.2320145273540733e-09,True
TotalPurchases,0,2,635,1162,19.0,6.0,719180.5,2.2122425837847298e-244,0.9493420250179572,0.9493420250179572,2.2122425837847297e-243,True
TotalPurchases,0,3,635,30,19.0,18.5,10408.5,0.3893919950874951,0.09275590551181101,0.09275590551181101,0.502505462322798,False
TotalPurchases,0,4,635,20,19.0,7.0,10082.0,7.183161310815435e-06,0.5877165354330709,0.5877165354330709,4.309896786489261e-05,True
TotalPurchases,1,2,390,1162,17.0,6.0,435329.0,1.0657154026488066e-164,0.9212189417008694,0.9212189417008694,9.59143862383926e-164,True
TotalPurchases,1,3,390,30,17.0,18.5,5116.5,0.251252731161399,-0.12538461538461543,0.12538461538461543,0.502505462322798,False
TotalPurchases,1,4,390,20,17.0,7.0,5845.5,0.0001613074220872893,0.49884615384615394,0.49884615384615394,0.0008065371104364464,True
TotalPurchases,2,3,1162,30,6.0,18.5,2740.0,1.893284685400237e-15,-0.8427997705106138,0.8427997705106138,1.5146277483201897e-14,True
TotalPurchases,2,4,1162,20,6.0,7.0,8838.0,0.06406909908818217,-0.23941480206540444,0.23941480206540444,0.19220729726454652,False
TotalPurchases,3,4,30,20,18.5,7.0,449.5,0.0031219419191736175,0.4983333333333333,0.4983333333333333,0.01248776767669447,True
MntWines,0,1,635,390,516.0,489.5,130650.5,0.13801962262333728,0.05512214819301442,0.05512214819301442,0.13801962262333728,False
MntWines,0,2,635,1162,516.0,27.0,706931.0,9.873288520172862e-227,0.9161396994050441,0.9161396994050441,9.873288520172862e-226,True
MntWines,0,3,635,30,516.0,1044.5,5262.5,3.398596520999298e-05,-0.44750656167978997,0.44750656167978997,0.00010195789562997894,True
MntWines,0,4,635,20,516.0,34.0,10848.5,6.726989996610277e-08,0.7084251968503936,0.7084251968503936,4.7088929976271945e-07,True
MntWines,1,2,390,1162,489.5,27.0,434230.0,6.58980837486282e-162,0.9163687717904585,0.9163687717904585,5.930827537376538e-161,True
MntWines,1,3,390,30,489.5,1044.5,3097.0,1.7373455104093962e-05,-0.4705982905982906,0.4705982905982906,6.949382041637585e-05,True
MntWines,1,4,390,20,489.5,34.0,6578.5,2.203893925654679e-07,0.6867948717948718,0.6867948717948718,1.3223363553928074e-06,True
MntWines,2,3,1162,30,27.0,1044.5,1712.5,3.0737761472641326e-17,-0.9017498565691336,0.9017498565691336,2.459020917811306e-16,True
MntWines,2,4,1162,20,27.0,34.0,8827.0,0.06501377692131662,-0.24036144578313257,0.24036144578313257,0.13002755384263323,False
MntWines,3,4,30,20,1044.5,34.0,542.0,1.7261071525006145e-06,0.8066666666666666,0.8066666666666666,8.630535762503073e-06,True
MntMeatProducts,0,1,635,390,384.0,116.5,209919.5,4.106279399740426e-78,0.6952917423783564,0.6952917423783564,3.2850235197923407e-77,True
MntMeatProducts,0,2,635,1162,384.0,17.0,726743.5,7.394757168441961e-254,0.9698415710084431,0.9698415710084431,7.394757168441962e-253,True
MntMeatProducts,0,3,635,30,384.0,136.5,13756.0,3.882897091321774e-05,0.44419947506561686,0.44419947506561686,0.0001941448545660887,True
MntMeatProducts,0,4,635,20,384.0,32.5,11115.0,1.0768164334668528e-08,0.7503937007874015,0.7503937007874015,6.460898600801117e-08,True
MntMeatProducts,1,2,390,1162,116.5,17.0,402822.0,3.2839690650879304e-117,0.7777571825764598,0.7777571825764598,2.955572158579137e-116,True
MntMeatProducts,1,3,390,30,116.5,136.5,4652.0,0.06160301914137638,-0.20478632478632475,0.20478632478632475,0.06160301914137638,False
MntMeatProducts,1,4,390,20,116.5,32.5,5226.5,0.010301829487006173,0.3401282051282051,0.3401282051282051,0.03893418288057795,True
MntMeatProducts,2,3,1162,30,17.0,136.5,4067.5,6.989252884347706e-13,-0.7666379804934021,0.7666379804934021,4.892477019043394e-12,True
MntMeatProducts,2,4,1162,20,17.0,32.5,8059.0,0.01862282279507735,-0.3064543889845095,0.3064543889845095,0.03893418288057795,True
MntMeatProducts,3,4,30,20,136.5,32.5,431.0,0.009733545720144487,0.43666666666666676,0.43666666666666676,0.03893418288057795,True
MntGoldProds,0,1,635,390,54.0,40.5,144943.0,4.443396659857202e-06,0.1705471431455683,0.1705471431455683,2.666037995914321e-05,True
MntGoldProds,0,2,635,1162,54.0,12.0,625202.5,2.9646083163220674e-131,0.6946142274384377,0.6946142274384377,2.9646083163220675e-130,True
MntGoldProds,0,3,635,30,54.0,46.0,10220.5,0.4990673039337733,0.07301837270341216,0.07301837270341216,1.0,False
MntGoldProds,0,4,635,20,54.0,13.5,10334.5,1.7380037818496062e-06,0.6274803149606298,0.6274803149606298,1.2166026472947244e-05,True
MntGoldProds,1,2,390,1162,40.5,12.0,350233.0,1.1284682839118352e-58,0.5456683878370625,0.5456683878370625,1.0156214555206518e-57,True
MntGoldProds,1,3,390,30,40.5,46.0,5264.0,0.3607502273064297,-0.10017094017094019,0.10017094017094019,1.0,False
MntGoldProds,1,4,390,20,40.5,13.5,5733.0,0.0003915590292832851,0.47,0.47,0.0019577951464164254,True
MntGoldProds,2,3,1162,30,12.0,46.0,6229.5,1.7484854021594598e-09,-0.6425989672977626,0.6425989672977626,1.3987883217275679e-08,True
MntGoldProds,2,4,1162,20,12.0,13.5,10520.5,0.46753421140040186,-0.09462134251290877,0.09462134251290877,1.0,False
MntGoldProds,3,4,30,20,46.0,13.5,472.0,0.000679206077104429,0.5733333333333333,0.5733333333333333,0.002716824308417716,True
NumWebPurchases,0,1,635,390,5.0,6.0,101503.5,1.0073116122379875e-06,-0.18026650514839493,0.18026650514839493,7.051181285665913e-06,True
NumWebPurchases,0,2,635,1162,5.0,2.0,627753.0,9.650549312061445e-137,0.701527369319799,0.701527369319799,9.650549312061444e-136,True
NumWebPurchases,0,3,635,30,5.0,5.0,11004.5,0.1466442683301777,0.15532808398950126,0.15532808398950126,0.24688749404160604,False
NumWebPurchases,0,4,635,20,5.0,3.0,9205.0,0.000547523622067435,0.4496062992125984,0.4496062992125984,0.002737618110337175,True
NumWebPurchases,1,2,390,1162,6.0,2.0,403848.0,1.2314840261114524e-121,0.7822851846948233,0.7822851846948233,1.1083356235003072e-120,True
NumWebPurchases,1,3,390,30,6.0,5.0,7658.5,0.004468542575355342,0.3091452991452992,0.3091452991452992,0.01787417030142137,True
NumWebPurchases,1,4,390,20,6.0,3.0,6003.5,4.162378346278658e-05,0.5393589743589744,0.5393589743589744,0.0002497427007767195,True
NumWebPurchases,2,3,1162,30,2.0,5.0,8153.5,3.2200873748110924e-07,-0.5322145725760183,0.5322145725760183,2.576069899848874e-06,True
NumWebPurchases,2,4,1162,20,2.0,3.0,9057.0,0.08229583134720202,-0.22056798623063678,0.22056798623063678,0.24688749404160604,False
NumWebPurchases,3,4,30,20,5.0,3.0,387.0,0.08349654593248214,0.29000000000000004,0.29000000000000004,0.24688749404160604,False
NumCatalogPurchases,0,1,635,390,5.0,3.0,189116.0,2.182047976469266e-46,0.5272844740561276,0.5272844740561276,1.7456383811754127e-45,True
NumCatalogPurchases,0,2,635,1162,5.0,1.0,713833.0,1.7237330423761095e-247,0.9348476018810901,0.9348476018810901,1.7237330423761095e-246,True
NumCatalogPurchases,0,3,635,30,5.0,4.5,10055.5,0.6034919757078949,0.055695538057742855,0.055695538057742855,0.6034919757078949,False
NumCatalogPurchases,0,4,635,20,5.0,0.5,10500.0,5.267903005941176e-07,0.6535433070866141,0.6535433070866141,3.160741803564706e-06,True
NumCatalogPurchases,1,2,390,1162,3.0,1.0,402355.0,4.935310500382216e-127,0.775696191358842,0.775696191358842,4.441779450343995e-126,True
NumCatalogPurchases,1,3,390,30,3.0,4.5,3260.0,3.983146196003436e-05,-0.4427350427350427,0.4427350427350427,0.00019915730980017178,True
NumCatalogPurchases,1,4,390,20,3.0,0.5,5446.5,0.0023432155817939768,0.3965384615384615,0.3965384615384615,0.00702964674538193,True
NumCatalogPurchases,2,3,1162,30,1.0,4.5,2632.0,5.717965820703861e-18,-0.8489959839357429,0.8489959839357429,4.002576074492703e-17,True
NumCatalogPurchases,2,4,1162,20,1.0,0.5,9682.5,0.16206829556813218,-0.16673838209982783,0.16673838209982783,0.32413659113626436,False
NumCatalogPurchases,3,4,30,20,4.5,0.5,476.0,0.0004426736202411696,0.5866666666666667,0.5866666666666667,0.0017706944809646784,True
NumStorePurchases,0,1,635,390,8.0,8.0,133645.0,0.03192324638299105,0.07930547143145561,0.07930547143145561,0.1276929855319642,False
NumStorePurchases,0,2,635,1162,8.0,3.0,693204.5,2.2240930128438852e-214,0.8789339585563853,0.8789339585563853,2.2240930128438854e-213,True
NumStorePurchases,0,3,635,30,8.0,8.0,9972.0,0.6624595652746532,0.0469291338582678,0.0469291338582678,1.0,False
NumStorePurchases,0,4,635,20,8.0,3.5,9703.5,5.2399476372333694e-05,0.5281102362204724,0.5281102362204724,0.0003667963346063359,True
NumStorePurchases,1,2,390,1162,8.0,3.0,420516.0,3.857601769417185e-147,0.8558453594598172,0.8558453594598172,3.471841592475467e-146,True
NumStorePurchases,1,3,390,30,8.0,8.0,5684.5,0.7956458093057464,-0.028290598290598323,0.028290598290598323,1.0,False
NumStorePurchases,1,4,390,20,8.0,3.5,5783.0,0.0002503306979354952,0.48282051282051275,0.48282051282051275,0.0015019841876129712,True
NumStorePurchases,2,3,1162,30,3.0,8.0,3604.0,9.78500527653996e-15,-0.7932300631095812,0.7932300631095812,7.828004221231968e-14,True
NumStorePurchases,2,4,1162,20,3.0,3.5,8956.0,0.06599302735693989,-0.2292598967297762,0.2292598967297762,0.19797908207081966,False
NumStorePurchases,3,4,30,20,8.0,3.5,443.0,0.0045116472409381285,0.47666666666666657,0.47666666666666657,0.022558236204690642,True
NumWebVisitsMonth,0,1,635,390,3.0,6.0,54851.0,1.2758459450900677e-51,-0.5570280637997174,0.5570280637997174,1.1482613505810608e-50,True
NumWebVisitsMonth,0,2,635,1162,3.0,7.0,102051.0,1.6375186963293852e-144,-0.7233902991041783,0.7233902991041783,1.6375186963293853e-143,True
NumWebVisitsMonth,0,3,635,30,3.0,5.5,5113.0,1.3525852203156325e-05,-0.4632020997375328,0.4632020997375328,8.115511321893795e-05,True
NumWebVisitsMonth,0,4,635,20,3.0,7.0,2682.0,8.011322204620006e-06,-0.5776377952755906,0.5776377952755906,5.6079255432340043e-05,True
NumWebVisitsMonth,1,2,390,1162,6.0,7.0,164535.0,1.9326817118317953e-16,-0.2738646895273401,0.2738646895273401,1.5461453694654362e-15,True
NumWebVisitsMonth,1,3,390,30,6.0,5.5,6106.0,0.6866700356187565,0.04376068376068387,0.04376068376068387,1.0,False
NumWebVisitsMonth,1,4,390,20,6.0,7.0,3268.0,0.2165178565243624,-0.16205128205128205,0.16205128205128205,0.8660714260974496,False
NumWebVisitsMonth,2,3,1162,30,7.0,5.5,22501.0,0.0055791774732738665,0.29093516924842233,0.29093516924842233,0.027895887366369332,True
NumWebVisitsMonth,2,4,1162,20,7.0,7.0,12414.0,0.5936262174389233,0.06833046471600679,0.06833046471600679,1.0,False
NumWebVisitsMonth,3,4,30,20,5.5,7.0,242.0,0.24905527455300092,-0.19333333333333336,0.19333333333333336,0.8660714260974496,False
PreviousCampaignAcceptances,0,1,635,390,0.0,0.0,133155.0,0.012671227365820081,0.07534827377347053,0.07534827377347053,0.050684909463280324,False
PreviousCampaignAcceptances,0,2,635,1162,0.0,0.0,459670.0,3.2417298162790393e-38,0.24593763129006474,0.24593763129006474,2.917556834651135e-37,True
PreviousCampaignAcceptances,0,3,635,30,0.0,3.0,885.5,8.582427721957557e-23,-0.9070341207349082,0.9070341207349082,6.00769940537029e-22,True
PreviousCampaignAcceptances,0,4,635,20,0.0,0.0,7811.0,0.033875076423832015,0.23007874015748042,0.23007874015748042,0.10162522927149605,False
PreviousCampaignAcceptances,1,2,390,1162,0.0,0.0,268024.5,3.7180276466865223e-19,0.18286111478882572,0.18286111478882572,2.2308165880119133e-18,True
PreviousCampaignAcceptances,1,3,390,30,0.0,3.0,185.5,1.2977483318287928e-26,-0.9682905982905983,0.9682905982905983,1.0381986654630342e-25,True
PreviousCampaignAcceptances,1,4,390,20,0.0,0.0,4550.5,0.10317320624924763,0.16679487179487174,0.16679487179487174,0.20634641249849525,False
PreviousCampaignAcceptances,2,3,1162,30,0.0,3.0,62.0,1.4950230768387182e-61,-0.9964429145152037,0.9964429145152037,1.495023076838718e-60,True
PreviousCampaignAcceptances,2,4,1162,20,0.0,0.0,11532.5,0.91085037861347,-0.0075301204819276935,0.0075301204819276935,0.91085037861347,False
PreviousCampaignAcceptances,3,4,30,20,3.0,0.0,593.5,1.719485859963991e-09,0.9783333333333333,0.9783333333333333,8.597429299819955e-09,True
