Iteration,Cluster,Jaccard,Observed_Subsample_Size,Equivalent_Full_Size
1,0,0.8479020979020979,512,602.4955286691215
1,1,0.5345132743362832,538,633.0910047343503
1,2,0.8196555217831814,810,953.1667543398212
1,3,1.0,21,24.711730668069436
1,4,1.0,20,23.53498158863756
2,0,0.7749140893470791,495,582.4907943187796
2,1,0.5987124463519313,414,487.17411888479745
2,2,0.9300699300699301,946,1113.2046291425565
2,3,1.0,28,32.94897422409258
2,4,1.0,18,21.181483429773802
3,0,0.7975352112676056,485,570.7233035244608
3,1,0.44175491679273826,627,737.8216728037875
3,2,0.7385229540918163,746,877.8548132561809
3,3,1.0,23,27.065228826933193
3,4,1.0,20,23.53498158863756
4,0,0.8533333333333334,567,667.2167280378748
4,1,0.40444444444444444,618,727.2309310889005
4,2,0.6750756811301716,675,794.3056286165177
4,3,1.0,23,27.065228826933193
4,4,1.0,18,21.181483429773802
5,0,0.7065026362038664,428,503.6486059968438
5,1,0.5557522123893806,539,634.2677538137822
5,2,0.8884381338742393,889,1046.1299316149396
5,3,1.0,26,30.595476065228826
5,4,1.0,19,22.35823250920568
6,0,0.8109452736318408,543,638.9747501315097
6,1,0.5964523281596452,389,457.75539189900053
6,2,0.906187624750499,929,1093.1998947922145
6,3,1.0,23,27.065228826933193
6,4,1.0,17,20.004734350341923
7,0,0.8186440677966101,537,631.9142556549185
7,1,0.615909090909091,386,454.22514466070487
7,2,0.9054187192118227,936,1101.4371383482378
7,3,1.0,25,29.418726985796948
7,4,1.0,17,20.004734350341923
8,0,0.6031468531468531,380,447.16465018411367
8,1,0.4748700173310225,519,610.7327722251446
8,2,0.7745197168857432,766,901.3897948448185
8,3,0.11467889908256881,218,256.5312993161494
8,4,1.0,18,21.181483429773802
9,0,0.573943661971831,349,410.68542872172543
9,1,0.4955595026642984,520,611.9095213045766
9,2,0.7862823061630219,807,949.6365071015256
9,3,0.1339712918660287,209,245.9405576012625
9,4,1.0,16,18.827985270910048
10,0,0.872822299651568,527,620.1467648605997
10,1,0.7975,386,454.22514466070487
10,2,0.9335347432024169,944,1110.8511309836927
10,3,1.0,27,31.772225144660705
10,4,1.0,17,20.004734350341923
11,0,0.6701208981001727,417,490.7043661230931
11,1,0.5215605749486653,418,491.881115202525
11,2,0.9100478468899521,1017,1196.7538137822198
11,3,1.0,29,34.12572330352446
11,4,1.0,20,23.53498158863756
12,0,0.7417677642980935,464,546.0115728563914
12,1,0.46687211093990755,613,721.3471856917412
12,2,0.7898477157360406,783,921.3945291951604
12,3,1.0,25,29.418726985796948
12,4,1.0,16,18.827985270910048
13,0,0.78839590443686,504,593.0815360336666
13,1,0.4533551554828151,559,657.8027354024198
13,2,0.7889447236180904,795,935.515518148343
13,3,1.0,27,31.772225144660705
13,4,1.0,16,18.827985270910048
14,0,0.5658914728682171,471,554.2488164124145
14,1,0.5894206549118388,292,343.6107311941084
14,2,0.9265593561368209,935,1100.260389268806
14,3,1.0,25,29.418726985796948
14,4,0.0,178,209.4613361388743
15,0,0.6798623063683304,432,508.3556023145713
15,1,0.46190476190476193,582,684.8679642293529
15,2,0.7389969293756398,723,850.7895844292478
15,3,0.1643835616438356,146,171.8053655970542
15,4,1.0,18,21.181483429773802
16,0,0.698905109489051,390,458.93214097843236
16,1,0.6078799249530957,528,621.3235139400315
16,2,0.8201005025125628,819,963.7574960547081
16,3,1.0,23,27.065228826933193
16,4,0.11347517730496454,141,165.9216201998948
17,0,0.7486136783733827,408,480.1136244082062
17,1,0.492603550295858,673,791.9521304576538
17,2,0.783975659229209,776,913.1572856391373
17,3,1.0,29,34.12572330352446
17,4,1.0,15,17.65123619147817
18,0,0.8082437275985663,466,548.3650710152551
18,1,0.6252545824847251,471,554.2488164124145
18,2,0.8882294757665677,921,1083.7859021567597
18,3,1.0,24,28.24197790636507
18,4,1.0,19,22.35823250920568
19,0,0.7821138211382114,557,655.4492372435561
19,1,0.46678321678321677,515,606.0257759074171
19,2,0.7899497487437186,786,924.9247764334561
19,3,1.0,26,30.595476065228826
19,4,1.0,17,20.004734350341923
20,0,0.8209764918625678,460,541.3045765386639
20,1,0.5664335664335665,567,667.2167280378748
20,2,0.8370445344129555,832,979.0552340873224
20,3,1.0,26,30.595476065228826
20,4,1.0,16,18.827985270910048
21,0,0.7173553719008264,498,586.0210415570753
21,1,0.41545893719806765,559,657.8027354024198
21,2,0.8003992015968064,804,946.1062598632299
21,3,1.0,24,28.24197790636507
21,4,1.0,16,18.827985270910048
22,0,0.6983546617915904,385,453.04839558127304
22,1,0.5962616822429907,527,620.1467648605997
22,2,0.9155908639523337,944,1110.8511309836927
22,3,1.0,27,31.772225144660705
22,4,1.0,18,21.181483429773802
23,0,0.7001763668430335,427,502.47185691741186
23,1,0.4782608695652174,383,450.69489742240927
23,2,0.8785648574057038,1050,1235.586533403472
23,3,1.0,25,29.418726985796948
23,4,1.0,16,18.827985270910048
24,0,0.7052631578947368,433,509.5323513940032
24,1,0.43515850144092216,669,787.2451341399264
24,2,0.7630522088353414,760,894.3293003682273
24,3,1.0,22,25.888479747501314
24,4,1.0,17,20.004734350341923
25,0,0.8273381294964028,470,553.0720673329827
25,1,0.6070175438596491,564,663.6864807995792
25,2,0.8336755646817249,825,970.8179905312993
25,3,1.0,27,31.772225144660705
25,4,1.0,15,17.65123619147817
26,0,0.8234234234234235,466,548.3650710152551
26,1,0.5518394648829431,592,696.6354550236717
26,2,0.8159509202453987,800,941.3992635455023
26,3,1.0,27,31.772225144660705
26,4,1.0,16,18.827985270910048
27,0,0.681260945709282,413,485.99736980536557
27,1,0.4535928143712575,642,755.4729089952657
27,2,0.806484295845998,802,943.7527617043662
27,3,1.0,29,34.12572330352446
27,4,1.0,15,17.65123619147817
28,0,0.861646234676007,523,615.4397685428721
28,1,0.7417061611374408,401,471.8763808521831
28,2,0.9142572283150548,935,1100.260389268806
28,3,1.0,27,31.772225144660705
28,4,1.0,15,17.65123619147817
29,0,0.7591623036649214,463,544.8348237769595
29,1,0.6027944111776448,472,555.4255654918463
29,2,0.9049049049049049,922,1084.9626512361915
29,3,1.0,25,29.418726985796948
29,4,1.0,19,22.35823250920568
30,0,0.6188034188034188,395,464.8158863755918
30,1,0.4868651488616462,515,606.0257759074171
30,2,0.7846938775510204,772,908.4502893214097
30,3,0.11707317073170732,205,241.23356128353498
30,4,1.0,14,16.47448711204629
31,0,0.8769497400346621,541,636.6212519726461
31,1,0.5240641711229946,529,622.5002630194634
31,2,0.7921291624621595,787,926.101525512888
31,3,1.0,25,29.418726985796948
31,4,1.0,19,22.35823250920568
32,0,0.7359454855195912,501,589.5512887953709
32,1,0.5026086956521739,526,618.9700157811678
32,2,0.8141153081510935,827,973.1714886901631
32,3,1.0,29,34.12572330352446
32,4,1.0,18,21.181483429773802
33,0,0.7434094903339191,453,533.0673329826407
33,1,0.4677914110429448,617,726.0541820094687
33,2,0.788675429726997,789,928.4550236717516
33,3,1.0,26,30.595476065228826
33,4,1.0,16,18.827985270910048
34,0,0.8650519031141869,535,629.5607574960546
34,1,0.5618860510805501,471,554.2488164124145
34,2,0.8373253493013972,851,1001.4134665965281
34,3,1.0,28,32.94897422409258
34,4,1.0,16,18.827985270910048
35,0,0.568760611205433,380,447.16465018411367
35,1,0.502868068833652,469,551.8953182535507
35,2,0.8099902056807052,846,995.5297211993687
35,3,1.0,21,24.711730668069436
35,4,0.0,185,217.69857969489743
36,0,0.8395061728395061,506,595.4350341925302
36,1,0.5725338491295938,480,564.8395581273014
36,2,0.8417408506429278,873,1027.3019463440294
36,3,1.0,25,29.418726985796948
36,4,1.0,17,20.004734350341923
37,0,0.8112522686025408,450,529.5370857443451
37,1,0.6539325842696629,409,481.29037348763813
37,2,0.916988416988417,1001,1177.9258285113096
37,3,1.0,26,30.595476065228826
37,4,1.0,15,17.65123619147817
38,0,0.6066433566433567,369,434.220410310363
38,1,0.5369003690036901,509,598.9652814308259
38,2,0.798183652875883,797,937.8690163072067
38,3,0.11961722488038277,209,245.9405576012625
38,4,1.0,17,20.004734350341923
39,0,0.7791519434628975,472,555.4255654918463
39,1,0.5099667774086378,571,671.9237243556023
39,2,0.8203834510595358,817,961.4039978958442
39,3,1.0,24,28.24197790636507
39,4,1.0,17,20.004734350341923
40,0,0.7638888888888888,472,555.4255654918463
40,1,0.5826086956521739,389,457.75539189900053
40,2,0.8782112274024738,998,1174.3955812730144
40,3,1.0,23,27.065228826933193
40,4,1.0,19,22.35823250920568
41,0,0.8289036544850499,540,635.444502893214
41,1,0.4715447154471545,574,675.453971593898
41,2,0.7523029682702149,745,876.6780641767491
41,3,1.0,26,30.595476065228826
41,4,1.0,16,18.827985270910048
42,0,0.8047538200339559,507,596.611783271962
42,1,0.5070422535211268,537,631.9142556549185
42,2,0.8188259109311741,814,957.8737506575487
42,3,1.0,26,30.595476065228826
42,4,1.0,17,20.004734350341923
43,0,0.7903225806451613,561,660.1562335612834
43,1,0.3592436974789916,311,365.96896370331405
43,2,0.8282329713721619,872,1026.1251972645975
43,3,0.14788732394366197,142,167.09836927932668
43,4,1.0,15,17.65123619147817
44,0,0.7409948542024014,476,560.1325618095739
44,1,0.4565916398713826,572,673.1004734350341
44,2,0.7997987927565392,807,949.6365071015256
44,3,1.0,27,31.772225144660705
44,4,1.0,19,22.35823250920568
45,0,0.7705779334500875,472,555.4255654918463
45,1,0.6492027334851936,399,469.52288269331933
45,2,0.9477832512315271,985,1159.0978432403997
45,3,1.0,27,31.772225144660705
45,4,1.0,18,21.181483429773802
46,0,0.52023988005997,477,561.3093108890058
46,1,0.315712187958884,563,662.5097317201473
46,2,0.6780684104627767,674,793.1288795370858
46,3,1.0,23,27.065228826933193
46,4,0.0,164,192.98684902682797
47,0,0.6110154905335629,395,464.8158863755918
47,1,0.6155778894472361,310,364.79221462388216
47,2,0.8997078870496592,966,1136.7396107311943
47,3,0.11737089201877934,213,250.64755391899
47,4,1.0,17,20.004734350341923
48,0,0.7627118644067796,408,480.1136244082062
48,1,0.5956284153005464,546,642.5049973698054
48,2,0.8753709198813057,900,1059.0741714886901
48,3,1.0,28,32.94897422409258
48,4,1.0,19,22.35823250920568
49,0,0.7427101200686106,474,557.7790636507101
49,1,0.4931972789115646,540,635.444502893214
49,2,0.8366935483870968,844,993.176223040505
49,3,1.0,25,29.418726985796948
49,4,1.0,18,21.181483429773802
50,0,0.6003316749585407,422,496.5881115202525
50,1,0.4194831013916501,383,450.69489742240927
50,2,0.8137730358874878,881,1036.7159389794845
50,3,1.0,23,27.065228826933193
50,4,0.0,192,225.93582325092055
51,0,0.8188976377952756,596,701.3424513413993
51,1,0.6291079812206573,356,418.9226722777486
51,2,0.9129098360655737,906,1066.1346659652813
51,3,1.0,26,30.595476065228826
51,4,1.0,17,20.004734350341923
52,0,0.7965517241379311,499,587.1977906365072
52,1,0.652073732718894,397,467.16938453445556
52,2,0.9436201780415431,966,1136.7396107311943
52,3,1.0,24,28.24197790636507
52,4,1.0,15,17.65123619147817
53,0,0.6340579710144928,377,443.634402945818
53,1,0.48897795591182364,413,485.99736980536557
53,2,0.8070678127984718,891,1048.4834297738032
53,3,0.125,200,235.34981588637558
53,4,1.0,20,23.53498158863756
54,0,0.7629233511586453,456,536.5975802209364
54,1,0.6176470588235294,483,568.3698053655971
54,2,0.9023904382470119,923,1086.1394003156233
54,3,1.0,26,30.595476065228826
54,4,1.0,13,15.297738032614413
55,0,0.8356643356643356,496,583.6675433982115
55,1,0.6751918158567775,333,391.85744345081537
55,2,0.9302769818529131,1034,1216.7585481325618
55,3,1.0,25,29.418726985796948
55,4,1.0,13,15.297738032614413
56,0,0.6772388059701493,363,427.15991583377166
56,1,0.606,464,546.0115728563914
56,2,0.9199237368922784,1031,1213.228300894266
56,3,1.0,27,31.772225144660705
56,4,1.0,16,18.827985270910048
57,0,0.8232323232323232,535,629.5607574960546
57,1,0.5435606060606061,483,568.3698053655971
57,2,0.8421052631578947,841,989.6459758022094
57,3,1.0,26,30.595476065228826
57,4,1.0,16,18.827985270910048
58,0,0.76,423,497.76486059968437
58,1,0.5982532751091703,398,468.3461336138874
58,2,0.9289145052833814,1033,1215.5817990531298
58,3,1.0,28,32.94897422409258
58,4,1.0,19,22.35823250920568
59,0,0.8315789473684211,501,589.5512887953709
59,1,0.5464684014869888,503,591.9047869542345
59,2,0.8508064516129032,852,1002.59021567596
59,3,1.0,27,31.772225144660705
59,4,1.0,18,21.181483429773802
60,0,0.7894736842105263,518,609.5560231457127
60,1,0.42565597667638483,642,755.4729089952657
60,2,0.7002012072434608,701,824.9011046817465
60,3,1.0,26,30.595476065228826
60,4,1.0,14,16.47448711204629
61,0,0.7654941373534339,503,591.9047869542345
61,1,0.44894894894894893,624,734.2914255654919
61,2,0.7574819401444789,734,863.7338243029984
61,3,1.0,23,27.065228826933193
61,4,1.0,17,20.004734350341923
62,0,0.7983333333333333,524,616.616517622304
62,1,0.45233265720081134,404,475.4066280904787
62,2,0.8314285714285714,931,1095.5533929510784
62,3,1.0,24,28.24197790636507
62,4,1.0,18,21.181483429773802
63,0,0.7168458781362007,425,500.11835875854814
63,1,0.4800637958532695,595,700.1657022619675
63,2,0.8192651439920556,839,987.2924776433457
63,3,1.0,25,29.418726985796948
63,4,1.0,17,20.004734350341923
64,0,0.5912280701754385,369,434.220410310363
64,1,0.46846846846846846,487,573.0768016833246
64,2,0.7538610038610039,822,967.2877432930036
64,3,0.11165048543689321,206,242.41031036296687
64,4,1.0,17,20.004734350341923
65,0,0.8983957219251337,527,620.1467648605997
65,1,0.5853658536585366,509,598.9652814308259
65,2,0.8225806451612904,823,968.4644923724356
65,3,1.0,25,29.418726985796948
65,4,1.0,17,20.004734350341923
66,0,0.760539629005059,509,598.9652814308259
66,1,0.6089743589743589,415,488.35086796422934
66,2,0.9174950298210736,939,1104.9673855865333
66,3,1.0,23,27.065228826933193
66,4,1.0,15,17.65123619147817
67,0,0.5795847750865052,387,455.40189374013676
67,1,0.41139240506329117,337,396.5644397685429
67,2,0.8005540166204986,951,1119.088374539716
67,3,0.125,208,244.7638085218306
67,4,1.0,18,21.181483429773802
68,0,0.8125,469,551.8953182535507
68,1,0.47709320695102686,608,715.4634402945818
68,2,0.7609561752988048,782,920.2177801157286
68,3,1.0,26,30.595476065228826
68,4,1.0,16,18.827985270910048
69,0,0.6608695652173913,420,494.23461336138877
69,1,0.42251461988304095,627,737.8216728037875
69,2,0.785140562248996,806,948.4597580220936
69,3,1.0,29,34.12572330352446
69,4,1.0,19,22.35823250920568
70,0,0.5723684210526315,416,489.5276170436612
70,1,0.39865996649916247,509,598.9652814308259
70,2,0.7387836490528414,751,883.7385586533403
70,3,0.11594202898550725,207,243.58705944239873
70,4,1.0,18,21.181483429773802
71,0,0.8551483420593369,519,610.7327722251446
71,1,0.5448154657293497,542,637.7980010520779
71,2,0.8052738336713996,800,941.3992635455023
71,3,1.0,24,28.24197790636507
71,4,1.0,16,18.827985270910048
72,0,0.8321428571428572,485,570.7233035244608
72,1,0.47147147147147145,648,762.5334034718569
72,2,0.733739837398374,723,850.7895844292478
72,3,1.0,28,32.94897422409258
72,4,1.0,17,20.004734350341923
73,0,0.8603448275862069,545,641.3282482903735
73,1,0.4748322147651007,533,627.207259337191
73,2,0.7420634920634921,779,916.6875328774329
73,3,1.0,26,30.595476065228826
73,4,1.0,18,21.181483429773802
74,0,0.8926056338028169,528,621.3235139400315
74,1,0.5473098330241187,515,606.0257759074171
74,2,0.812625250501002,816,960.2272488164124
74,3,1.0,24,28.24197790636507
74,4,1.0,18,21.181483429773802
75,0,0.8822495606326889,535,629.5607574960546
75,1,0.7016706443914081,377,443.634402945818
75,2,0.926073926073926,944,1110.8511309836927
75,3,1.0,25,29.418726985796948
75,4,1.0,20,23.53498158863756
76,0,0.7955326460481099,499,587.1977906365072
76,1,0.5265588914549654,334,393.0341925302472
76,2,0.8675373134328358,1021,1201.4608100999474
76,3,1.0,28,32.94897422409258
76,4,1.0,19,22.35823250920568
77,0,0.7061855670103093,449,528.3603366649132
77,1,0.5043630017452007,538,633.0910047343503
77,2,0.8424182358771061,870,1023.7716991057338
77,3,1.0,26,30.595476065228826
77,4,1.0,18,21.181483429773802
78,0,0.7855887521968365,484,569.546554445029
78,1,0.47191011235955055,587,690.7517096265124
78,2,0.7863590772316951,786,924.9247764334561
78,3,1.0,26,30.595476065228826
78,4,1.0,18,21.181483429773802
79,0,0.5877342419080068,384,451.8716465018411
79,1,0.5413533834586466,480,564.8395581273014
79,2,0.8335046248715313,812,955.5202524986848
79,3,0.1111111111111111,207,243.58705944239873
79,4,1.0,18,21.181483429773802
80,0,0.8095238095238095,450,529.5370857443451
80,1,0.5428082191780822,569,669.5702261967385
80,2,0.8248248248248248,837,984.9389794844818
80,3,1.0,26,30.595476065228826
80,4,1.0,19,22.35823250920568
81,0,0.7355371900826446,501,589.5512887953709
81,1,0.41867954911433175,560,658.9794844818516
81,2,0.7838645418326693,800,941.3992635455023
81,3,1.0,24,28.24197790636507
81,4,1.0,16,18.827985270910048
82,0,0.8094405594405595,500,588.374539715939
82,1,0.6543778801843319,385,453.04839558127304
82,2,0.9245837414299706,974,1146.1536033666491
82,3,1.0,26,30.595476065228826
82,4,1.0,16,18.827985270910048
83,0,0.6843910806174958,436,513.0625986322988
83,1,0.4506172839506173,615,723.7006838506048
83,2,0.8125,809,951.9900052603892
83,3,1.0,25,29.418726985796948
83,4,1.0,16,18.827985270910048
84,0,0.7359154929577465,429,504.8253550762756
84,1,0.47235387045813587,614,722.523934771173
84,2,0.798804780876494,819,963.7574960547081
84,3,1.0,25,29.418726985796948
84,4,1.0,14,16.47448711204629
85,0,0.6556521739130434,419,493.0578642819568
85,1,0.4821763602251407,444,522.4765912677539
85,2,0.8980769230769231,995,1170.8653340347187
85,3,1.0,25,29.418726985796948
85,4,1.0,18,21.181483429773802
86,0,0.7056672760511883,389,457.75539189900053
86,1,0.4563662374821173,691,813.1336138874277
86,2,0.7703109327983951,778,915.5107837980011
86,3,1.0,24,28.24197790636507
86,4,1.0,19,22.35823250920568
87,0,0.8735042735042735,556,654.2724881641241
87,1,0.605427974947808,441,518.9463440294581
87,2,0.8421052631578947,863,1015.5344555497106
87,3,1.0,23,27.065228826933193
87,4,1.0,18,21.181483429773802
88,0,0.8111658456486043,556,654.2724881641241
88,1,0.5102040816326531,480,564.8395581273014
88,2,0.7183673469387755,705,829.6081009994739
88,3,1.0,27,31.772225144660705
88,4,0.0,133,156.50762756443976
89,0,0.7801652892561983,527,620.1467648605997
89,1,0.45171849427168576,560,658.9794844818516
89,2,0.7859327217125383,771,907.2735402419779
89,3,1.0,27,31.772225144660705
89,4,1.0,16,18.827985270910048
90,0,0.7445008460236887,478,562.4860599684376
90,1,0.46678321678321677,511,601.3187795896896
90,2,0.8273809523809523,867,1020.2414518674382
90,3,1.0,28,32.94897422409258
90,4,1.0,17,20.004734350341923
91,0,0.8385416666666666,514,604.8490268279853
91,1,0.6674311926605505,403,474.2298790110468
91,2,0.9207135777998018,945,1112.0278800631247
91,3,1.0,23,27.065228826933193
91,4,1.0,16,18.827985270910048
92,0,0.7854609929078015,473,556.6023145712783
92,1,0.5047619047619047,294,345.9642293529721
92,2,0.89171974522293,1092,1285.0099947396109
92,3,1.0,26,30.595476065228826
92,4,1.0,16,18.827985270910048
93,0,0.8071672354948806,520,611.9095213045766
93,1,0.5911949685534591,424,498.94160967911625
93,2,0.9022931206380858,919,1081.4324039978958
93,3,1.0,24,28.24197790636507
93,4,1.0,14,16.47448711204629
94,0,0.8664323374340949,522,614.2630194634403
94,1,0.5653846153846154,491,577.7837980010521
94,2,0.8330019880715706,847,996.7064702788007
94,3,1.0,23,27.065228826933193
94,4,1.0,18,21.181483429773802
95,0,0.8382838283828383,576,677.8074697527617
95,1,0.49809885931558934,457,537.7743293003682
95,2,0.8161838161838162,827,973.1714886901631
95,3,1.0,27,31.772225144660705
95,4,1.0,14,16.47448711204629
96,0,0.8230383973288815,548,644.8584955286691
96,1,0.5349716446124764,480,564.8395581273014
96,2,0.834510595358224,833,980.2319831667543
96,3,1.0,26,30.595476065228826
96,4,1.0,14,16.47448711204629
97,0,0.8774080560420315,542,637.7980010520779
97,1,0.5870841487279843,478,562.4860599684376
97,2,0.8374875373878365,843,991.9994739610731
97,3,1.0,23,27.065228826933193
97,4,1.0,15,17.65123619147817
98,0,0.8390596745027125,477,561.3093108890058
98,1,0.6556016597510373,468,550.7185691741189
98,2,0.8868110236220472,921,1083.7859021567597
98,3,1.0,20,23.53498158863756
98,4,1.0,15,17.65123619147817
99,0,0.8290155440414507,524,616.616517622304
99,1,0.5291666666666667,403,474.2298790110468
99,2,0.8592233009708737,927,1090.8463966333509
99,3,1.0,28,32.94897422409258
99,4,1.0,19,22.35823250920568
100,0,0.7560553633217993,469,551.8953182535507
100,1,0.4300168634064081,537,631.9142556549185
100,2,0.7955426356589147,852,1002.59021567596
100,3,1.0,27,31.772225144660705
100,4,1.0,16,18.827985270910048
101,0,0.8033898305084746,528,621.3235139400315
101,1,0.4717285945072698,570,670.7469752761705
101,2,0.7682186234817814,763,897.8595476065228
101,3,1.0,25,29.418726985796948
101,4,1.0,15,17.65123619147817
102,0,0.8938053097345132,529,622.5002630194634
102,1,0.5121951219512195,476,560.1325618095739
102,2,0.7976653696498055,857,1008.4739610731194
102,3,1.0,25,29.418726985796948
102,4,1.0,14,16.47448711204629
103,0,0.7929759704251387,429,504.8253550762756
103,1,0.6081081081081081,501,589.5512887953709
103,2,0.888560157790927,929,1093.1998947922145
103,3,1.0,26,30.595476065228826
103,4,1.0,16,18.827985270910048
104,0,0.8522920203735145,553,650.7422409258286
104,1,0.5293005671077504,483,568.3698053655971
104,2,0.8156312625250501,820,964.9342451341399
104,3,1.0,27,31.772225144660705
104,4,1.0,18,21.181483429773802
105,0,0.6660550458715596,366,430.6901630720673
105,1,0.5525812619502868,475,558.955812730142
105,2,0.9158699808795411,1021,1201.4608100999474
105,3,1.0,24,28.24197790636507
105,4,1.0,15,17.65123619147817
106,0,0.6234887737478411,382,449.5181483429773
106,1,0.4897196261682243,476,560.1325618095739
106,2,0.7945891783567134,811,954.343503419253
106,3,0.11214953271028037,214,251.8243029984219
106,4,1.0,18,21.181483429773802
107,0,0.7048300536672629,420,494.23461336138877
107,1,0.48443579766536965,435,511.8858495528669
107,2,0.8640595903165735,1004,1181.4560757496054
107,3,1.0,23,27.065228826933193
107,4,1.0,19,22.35823250920568
108,0,0.8270676691729323,440,517.7695949500263
108,1,0.6825726141078838,477,561.3093108890058
108,2,0.9313432835820895,945,1112.0278800631247
108,3,1.0,24,28.24197790636507
108,4,1.0,15,17.65123619147817
109,0,0.7953020134228188,530,623.6770120988954
109,1,0.45081967213114754,563,662.5097317201473
109,2,0.7607607607607607,764,899.0362966859547
109,3,1.0,26,30.595476065228826
109,4,1.0,18,21.181483429773802
110,0,0.6089850249584027,421,495.4113624408206
110,1,0.5058823529411764,437,514.2393477117307
110,2,0.814852492370295,806,948.4597580220936
110,3,0.1318181818181818,220,258.88479747501316
110,4,1.0,17,20.004734350341923
111,0,0.8421052631578947,554,651.9189900052604
111,1,0.6921052631578948,320,376.55970541820096
111,2,0.8682972718720602,983,1156.744345081536
111,3,1.0,25,29.418726985796948
111,4,1.0,19,22.35823250920568
112,0,0.8369175627240143,498,586.0210415570753
112,1,0.6894117647058824,397,467.16938453445556
112,2,0.928849902534113,966,1136.7396107311943
112,3,1.0,22,25.888479747501314
112,4,1.0,18,21.181483429773802
113,0,0.7544483985765125,451,530.7138348237769
113,1,0.538878842676311,527,620.1467648605997
113,2,0.8533464566929134,882,1037.8926880589163
113,3,1.0,23,27.065228826933193
113,4,1.0,18,21.181483429773802
114,0,0.6924398625429553,437,514.2393477117307
114,1,0.5484496124031008,472,555.4255654918463
114,2,0.9024390243902439,958,1127.3256180957392
114,3,1.0,22,25.888479747501314
114,4,1.0,12,14.120988953182534
115,0,0.8381112984822934,542,637.7980010520779
115,1,0.5068493150684932,440,517.7695949500263
115,2,0.8358061325420376,876,1030.832193582325
115,3,1.0,24,28.24197790636507
115,4,1.0,19,22.35823250920568
116,0,0.8595890410958904,548,644.8584955286691
116,1,0.47735191637630664,520,611.9095213045766
116,2,0.7729083665338645,789,928.4550236717516
116,3,1.0,25,29.418726985796948
116,4,1.0,19,22.35823250920568
117,0,0.761986301369863,489,575.4302998421883
117,1,0.5758196721311475,429,504.8253550762756
117,2,0.91991991991992,940,1106.1441346659653
117,3,1.0,24,28.24197790636507
117,4,1.0,19,22.35823250920568
118,0,0.8558394160583942,487,573.0768016833246
118,1,0.8021390374331551,349,410.68542872172543
118,2,0.9584541062801932,1023,1203.8143082588113
118,3,1.0,24,28.24197790636507
118,4,1.0,18,21.181483429773802
119,0,0.7840290381125227,441,518.9463440294581
119,1,0.5622775800711743,552,649.5654918463966
119,2,0.843469591226321,862,1014.3577064702788
119,3,1.0,26,30.595476065228826
119,4,1.0,20,23.53498158863756
120,0,0.8434343434343434,560,658.9794844818516
120,1,0.4444444444444444,586,689.5749605470804
120,2,0.7139979859013091,714,840.1988427143608
120,3,1.0,23,27.065228826933193
120,4,1.0,18,21.181483429773802
121,0,0.8818493150684932,558,656.625986322988
121,1,0.4437194127243067,564,663.6864807995792
121,2,0.7222222222222222,738,868.440820620726
121,3,1.0,23,27.065228826933193
121,4,1.0,18,21.181483429773802
122,0,0.6375,390,458.93214097843236
122,1,0.5154471544715448,586,689.5749605470804
122,2,0.8711288711288712,885,1041.422935297212
122,3,1.0,26,30.595476065228826
122,4,1.0,14,16.47448711204629
123,0,0.811965811965812,514,604.8490268279853
123,1,0.47884940778341795,540,635.444502893214
123,2,0.785140562248996,802,943.7527617043662
123,3,1.0,28,32.94897422409258
123,4,1.0,17,20.004734350341923
124,0,0.7891156462585034,504,593.0815360336666
124,1,0.49155405405405406,545,641.3282482903735
124,2,0.8160569105691057,812,955.5202524986848
124,3,1.0,25,29.418726985796948
124,4,1.0,15,17.65123619147817
125,0,0.7304832713754646,399,469.52288269331933
125,1,0.5892857142857143,464,546.0115728563914
125,2,0.9080459770114943,999,1175.572330352446
125,3,1.0,22,25.888479747501314
125,4,1.0,17,20.004734350341923
126,0,0.8333333333333334,529,622.5002630194634
126,1,0.52734375,448,527.1835875854813
126,2,0.834307992202729,883,1039.0694371383483
126,3,1.0,24,28.24197790636507
126,4,1.0,17,20.004734350341923
127,0,0.8308270676691729,447,526.0068385060495
127,1,0.7043879907621247,405,476.5833771699106
127,2,0.925,1005,1182.6328248290374
127,3,1.0,28,32.94897422409258
127,4,1.0,16,18.827985270910048
128,0,0.8783068783068783,517,608.3792740662809
128,1,0.5368782161234992,568,668.3934771173067
128,2,0.7776659959758552,779,916.6875328774329
128,3,1.0,24,28.24197790636507
128,4,1.0,13,15.297738032614413
129,0,0.7666666666666667,465,547.1883219358233
129,1,0.49917627677100496,577,678.9842188321935
129,2,0.8158953722334004,819,963.7574960547081
129,3,1.0,24,28.24197790636507
129,4,1.0,16,18.827985270910048
130,0,0.8290155440414507,521,613.0862703840085
130,1,0.48939929328621906,524,616.616517622304
130,2,0.8045862412761715,811,954.343503419253
130,3,1.0,27,31.772225144660705
130,4,1.0,18,21.181483429773802
131,0,0.7716390423572744,432,508.3556023145713
131,1,0.5316239316239316,559,657.8027354024198
131,2,0.8125,866,1019.0647027880063
131,3,1.0,27,31.772225144660705
131,4,1.0,17,20.004734350341923
132,0,0.7590579710144928,429,504.8253550762756
132,1,0.6394422310756972,494,581.3140452393477
132,2,0.9108910891089109,939,1104.9673855865333
132,3,1.0,22,25.888479747501314
132,4,1.0,17,20.004734350341923
133,0,0.7839721254355401,489,575.4302998421883
133,1,0.5025041736227045,562,661.3329826407155
133,2,0.8174442190669371,807,949.6365071015256
133,3,1.0,23,27.065228826933193
133,4,1.0,20,23.53498158863756
134,0,0.788235294117647,509,598.9652814308259
134,1,0.5314183123877917,520,611.9095213045766
134,2,0.8388090349075975,825,970.8179905312993
134,3,1.0,28,32.94897422409258
134,4,1.0,19,22.35823250920568
135,0,0.7810858143607706,475,558.955812730142
135,1,0.6422413793103449,433,509.5323513940032
135,2,0.9312749003984063,951,1119.088374539716
135,3,1.0,23,27.065228826933193
135,4,1.0,19,22.35823250920568
136,0,0.6824324324324325,449,528.3603366649132
136,1,0.41654357459379615,628,738.9984218832194
136,2,0.7906976744186046,786,924.9247764334561
136,3,1.0,23,27.065228826933193
136,4,1.0,15,17.65123619147817
137,0,0.7269503546099291,444,522.4765912677539
137,1,0.4438860971524288,525,617.793266701736
137,2,0.8059558117195005,889,1046.1299316149396
137,3,1.0,27,31.772225144660705
137,4,1.0,16,18.827985270910048
138,0,0.8037542662116041,512,602.4955286691215
138,1,0.47420965058236275,561,660.1562335612834
138,2,0.7934893184130214,780,917.8642819568647
138,3,1.0,30,35.30247238295634
138,4,1.0,18,21.181483429773802
139,0,0.6864406779661016,458,538.9510783798002
139,1,0.4516765285996055,404,475.4066280904787
139,2,0.8550046772684752,995,1170.8653340347187
139,3,1.0,25,29.418726985796948
139,4,1.0,19,22.35823250920568
140,0,0.8888888888888888,529,622.5002630194634
140,1,0.6938775510204082,425,500.11835875854814
140,2,0.892354124748491,904,1063.7811678064177
140,3,1.0,28,32.94897422409258
140,4,1.0,15,17.65123619147817
141,0,0.523680649526387,583,686.0447133087848
141,1,0.0,144,169.45186743819042
141,2,0.8278829604130808,1131,1330.903208837454
141,3,1.0,25,29.418726985796948
141,4,1.0,18,21.181483429773802
142,0,0.8500823723228995,574,675.453971593898
142,1,0.5511482254697286,411,483.6438716465018
142,2,0.846307385229541,873,1027.3019463440294
142,3,1.0,26,30.595476065228826
142,4,1.0,17,20.004734350341923
143,0,0.7989949748743719,529,622.5002630194634
143,1,0.5368663594470046,348,409.50867964229354
143,2,0.8973128598848369,982,1155.5675960021042
143,3,1.0,27,31.772225144660705
143,4,1.0,15,17.65123619147817
144,0,0.8458781362007168,487,573.0768016833246
144,1,0.5315161839863713,572,673.1004734350341
144,2,0.805050505050505,799,940.2225144660705
144,3,1.0,26,30.595476065228826
144,4,1.0,17,20.004734350341923
145,0,0.8176795580110497,445,523.6533403471857
145,1,0.6926406926406926,458,538.9510783798002
145,2,0.9297029702970298,956,1124.9721199368753
145,3,1.0,22,25.888479747501314
145,4,1.0,20,23.53498158863756
146,0,0.7927461139896373,502,590.7280378748027
146,1,0.5912698412698413,466,548.3650710152551
146,2,0.891566265060241,894,1052.013677012099
146,3,1.0,22,25.888479747501314
146,4,1.0,17,20.004734350341923
147,0,0.8125,540,635.444502893214
147,1,0.5027522935779817,483,568.3698053655971
147,2,0.8152929493545183,837,984.9389794844818
147,3,1.0,25,29.418726985796948
147,4,1.0,16,18.827985270910048
148,0,0.813588850174216,512,602.4955286691215
148,1,0.4956369982547993,522,614.2630194634403
148,2,0.810379241516966,822,967.2877432930036
148,3,1.0,26,30.595476065228826
148,4,1.0,19,22.35823250920568
149,0,0.8710247349823321,516,607.2025249868491
149,1,0.7469287469287469,384,451.8716465018411
149,2,0.9383084577114428,959,1128.502367175171
149,3,1.0,25,29.418726985796948
149,4,1.0,17,20.004734350341923
150,0,0.8846815834767642,556,654.2724881641241
150,1,0.6098562628336756,449,528.3603366649132
150,2,0.8616161616161616,856,1007.2972119936876
150,3,1.0,24,28.24197790636507
150,4,1.0,16,18.827985270910048
151,0,0.810671256454389,512,602.4955286691215
151,1,0.45990180032733224,566,666.0399789584429
151,2,0.77,779,916.6875328774329
151,3,1.0,27,31.772225144660705
151,4,1.0,17,20.004734350341923
152,0,0.6847014925373134,369,434.220410310363
152,1,0.5313653136531366,496,583.6675433982115
152,2,0.8854166666666666,997,1173.2188321935823
152,3,1.0,24,28.24197790636507
152,4,1.0,15,17.65123619147817
153,0,0.7863397548161121,475,558.955812730142
153,1,0.46507666098807493,544,640.1514992109416
153,2,0.8009852216748768,835,982.5854813256182
153,3,1.0,30,35.30247238295634
153,4,1.0,17,20.004734350341923
154,0,0.7540394973070018,439,516.5928458705945
154,1,0.463855421686747,645,759.0031562335613
154,2,0.7796780684104627,775,911.9805365597055
154,3,1.0,25,29.418726985796948
154,4,1.0,17,20.004734350341923
155,0,0.7518939393939394,403,474.2298790110468
155,1,0.6995614035087719,437,514.2393477117307
155,2,0.953307392996109,1014,1193.223566543924
155,3,1.0,29,34.12572330352446
155,4,1.0,18,21.181483429773802
156,0,0.802405498281787,510,600.1420305102578
156,1,0.4597156398104265,588,691.9284587059442
156,2,0.7606060606060606,760,894.3293003682273
156,3,1.0,25,29.418726985796948
156,4,1.0,18,21.181483429773802
157,0,0.6444099378881988,503,591.9047869542345
157,1,0.31643356643356646,429,504.8253550762756
157,2,0.746772591857001,782,920.2177801157286
157,3,0.15384615384615385,169,198.87059442398737
157,4,1.0,18,21.181483429773802
158,0,0.799660441426146,519,610.7327722251446
158,1,0.5327102803738317,488,574.2535507627565
158,2,0.8489425981873112,851,1001.4134665965281
158,3,1.0,25,29.418726985796948
158,4,1.0,18,21.181483429773802
159,0,0.8087986463620981,524,616.616517622304
159,1,0.5045207956600362,509,598.9652814308259
159,2,0.8241206030150754,825,970.8179905312993
159,3,1.0,27,31.772225144660705
159,4,1.0,16,18.827985270910048
160,0,0.6814946619217082,417,490.7043661230931
160,1,0.5728542914171657,443,521.2998421883219
160,2,0.8297244094488189,876,1030.832193582325
160,3,1.0,27,31.772225144660705
160,4,0.13043478260869565,138,162.39137296159916
161,0,0.8491921005385996,491,577.7837980010521
161,1,0.47492163009404387,620,729.5844292477643
161,2,0.7274529236868187,746,877.8548132561809
161,3,1.0,27,31.772225144660705
161,4,1.0,17,20.004734350341923
162,0,0.8525641025641025,609,716.6401893740136
162,1,0.554,432,508.3556023145713
162,2,0.8383110195674562,818,962.5807469752763
162,3,1.0,26,30.595476065228826
162,4,1.0,16,18.827985270910048
163,0,0.7602739726027398,490,576.6070489216202
163,1,0.4327485380116959,642,755.4729089952657
163,2,0.7350859453993933,730,859.0268279852709
163,3,1.0,25,29.418726985796948
163,4,1.0,14,16.47448711204629
164,0,0.8386023294509152,568,668.3934771173067
164,1,0.5158450704225352,519,610.7327722251446
164,2,0.7868852459016393,768,903.7432930036822
164,3,1.0,26,30.595476065228826
164,4,1.0,20,23.53498158863756
165,0,0.7858472998137802,431,507.1788532351394
165,1,0.6199261992619927,537,631.9142556549185
165,2,0.8738828202581926,894,1052.013677012099
165,3,1.0,23,27.065228826933193
165,4,1.0,16,18.827985270910048
166,0,0.7360861759425493,438,515.4160967911625
166,1,0.4694189602446483,626,736.6449237243556
166,2,0.7991967871485943,796,936.6922672277748
166,3,1.0,26,30.595476065228826
166,4,1.0,15,17.65123619147817
167,0,0.6719022687609075,426,501.29510783798
167,1,0.4287833827893175,610,717.8169384534456
167,2,0.7100103199174407,688,809.603366649132
167,3,0.18238993710691823,159,187.1031036296686
167,4,1.0,18,21.181483429773802
168,0,0.7858407079646018,472,555.4255654918463
168,1,0.6107784431137725,469,551.8953182535507
168,2,0.8793273986152325,917,1079.0789058390321
168,3,1.0,25,29.418726985796948
168,4,1.0,18,21.181483429773802
169,0,0.7161936560934892,481,566.0163072067332
169,1,0.5322283609576427,499,587.1977906365072
169,2,0.8635907723169508,879,1034.3624408206208
169,3,1.0,25,29.418726985796948
169,4,1.0,17,20.004734350341923
170,0,0.8170289855072463,472,555.4255654918463
170,1,0.48787878787878786,637,749.5891635981063
170,2,0.7589013224821973,748,880.2083114150447
170,3,1.0,27,31.772225144660705
170,4,1.0,17,20.004734350341923
171,0,0.8006535947712419,572,673.1004734350341
171,1,0.43485915492957744,482,567.1930562861652
171,2,0.7936191425722832,804,946.1062598632299
171,3,1.0,27,31.772225144660705
171,4,1.0,16,18.827985270910048
172,0,0.8528368794326241,513,603.6722777485534
172,1,0.5531914893617021,388,456.57864281956864
172,2,0.8285984848484849,952,1120.2651236191477
172,3,1.0,30,35.30247238295634
172,4,1.0,18,21.181483429773802
173,0,0.8206521739130435,455,535.4208311415044
173,1,0.5186991869918699,612,720.1704366123093
173,2,0.7904858299595142,787,926.101525512888
173,3,1.0,29,34.12572330352446
173,4,1.0,18,21.181483429773802
174,0,0.8238341968911918,513,603.6722777485534
174,1,0.49498327759197325,558,656.625986322988
174,2,0.7926829268292683,786,924.9247764334561
174,3,1.0,29,34.12572330352446
174,4,1.0,15,17.65123619147817
175,0,0.8514680483592401,521,613.0862703840085
175,1,0.4794069192751236,576,677.8074697527617
175,2,0.7598385469223007,760,894.3293003682273
175,3,1.0,26,30.595476065228826
175,4,1.0,18,21.181483429773802
176,0,0.8022388059701493,437,514.2393477117307
176,1,0.5731292517006803,582,684.8679642293529
176,2,0.8395560040363269,838,986.1157285639136
176,3,1.0,27,31.772225144660705
176,4,1.0,17,20.004734350341923
177,0,0.7537942664418212,504,593.0815360336666
177,1,0.4599659284497445,529,622.5002630194634
177,2,0.8157370517928287,827,973.1714886901631
177,3,1.0,26,30.595476065228826
177,4,1.0,15,17.65123619147817
178,0,0.6429809358752167,407,478.93687532877436
178,1,0.47019867549668876,551,648.3887427669647
178,2,0.8648111332007953,898,1056.7206733298265
178,3,1.0,27,31.772225144660705
178,4,1.0,18,21.181483429773802
179,0,0.8155515370705244,455,535.4208311415044
179,1,0.6506550218340611,440,517.7695949500263
179,2,0.9196865817825661,965,1135.5628616517622
179,3,1.0,22,25.888479747501314
179,4,1.0,19,22.35823250920568
180,0,0.5463917525773195,368,433.0436612309311
180,1,0.57,448,527.1835875854813
180,2,0.8374384236453202,876,1030.832193582325
180,3,1.0,24,28.24197790636507
180,4,0.0,185,217.69857969489743
181,0,0.7960644007155635,459,540.127827459232
181,1,0.659043659043659,470,553.0720673329827
181,2,0.9123505976095617,932,1096.7301420305103
181,3,1.0,23,27.065228826933193
181,4,1.0,17,20.004734350341923
182,0,0.7623089983022071,503,591.9047869542345
182,1,0.4928825622775801,503,591.9047869542345
182,2,0.8425275827482447,851,1001.4134665965281
182,3,1.0,25,29.418726985796948
182,4,1.0,19,22.35823250920568
183,0,0.765993265993266,494,581.3140452393477
183,1,0.5104895104895105,532,626.030510257759
183,2,0.8399592252803262,833,980.2319831667543
183,3,1.0,28,32.94897422409258
183,4,1.0,14,16.47448711204629
184,0,0.6900175131348512,427,502.47185691741186
184,1,0.524074074074074,492,578.9605470804839
184,2,0.8937007874015748,937,1102.6138874276696
184,3,1.0,25,29.418726985796948
184,4,1.0,20,23.53498158863756
185,0,0.7799295774647887,485,570.7233035244608
185,1,0.45234248788368336,555,653.0957390846922
185,2,0.782608695652174,817,961.4039978958442
185,3,1.0,25,29.418726985796948
185,4,1.0,19,22.35823250920568
186,0,0.5222052067381318,453,533.0673329826407
186,1,0.08050847457627118,187,220.05207785376118
186,2,0.8142974527526705,1216,1430.9268805891636
186,3,1.0,27,31.772225144660705
186,4,1.0,18,21.181483429773802
187,0,0.79421768707483,518,609.5560231457127
187,1,0.5372233400402414,433,509.5323513940032
187,2,0.8654223968565815,908,1068.4881641241452
187,3,1.0,26,30.595476065228826
187,4,1.0,16,18.827985270910048
188,0,0.8221476510067114,549,646.035244608101
188,1,0.4922779922779923,449,528.3603366649132
188,2,0.8311944718657454,859,1010.8274592319831
188,3,1.0,24,28.24197790636507
188,4,1.0,20,23.53498158863756
189,0,0.7574750830564784,507,596.611783271962
189,1,0.48134991119005327,509,598.9652814308259
189,2,0.8316633266533067,844,993.176223040505
189,3,1.0,25,29.418726985796948
189,4,1.0,16,18.827985270910048
190,0,0.8691910499139415,544,640.1514992109416
190,1,0.6545893719806763,355,417.74592319831663
190,2,0.8899707887049659,957,1126.1488690163071
190,3,1.0,28,32.94897422409258
190,4,1.0,17,20.004734350341923
191,0,0.8532110091743119,470,553.0720673329827
191,1,0.49240121580547114,648,762.5334034718569
191,2,0.7386934673366834,743,874.3245660178853
191,3,1.0,24,28.24197790636507
191,4,1.0,16,18.827985270910048
192,0,0.8167259786476868,479,563.6628090478696
192,1,0.6440677966101694,352,414.21567596002103
192,2,0.9198473282442748,1025,1206.167806417675
192,3,1.0,27,31.772225144660705
192,4,1.0,18,21.181483429773802
193,0,0.6752577319587629,434,510.70910047343506
193,1,0.4271137026239067,646,760.1799053129931
193,2,0.779128672745694,775,911.9805365597055
193,3,1.0,28,32.94897422409258
193,4,1.0,18,21.181483429773802
194,0,0.6476868327402135,387,455.40189374013676
194,1,0.46357615894039733,561,660.1562335612834
194,2,0.777998017839445,796,936.6922672277748
194,3,0.18309859154929578,142,167.09836927932668
194,4,1.0,15,17.65123619147817
195,0,0.8070796460176991,489,575.4302998421883
195,1,0.4981751824817518,476,560.1325618095739
195,2,0.8227848101265823,892,1049.6601788532353
195,3,1.0,25,29.418726985796948
195,4,1.0,19,22.35823250920568
196,0,0.6924493554327809,384,451.8716465018411
196,1,0.49615975422427033,643,756.6496580746975
196,2,0.8283132530120482,830,976.7017359284587
196,3,1.0,28,32.94897422409258
196,4,1.0,16,18.827985270910048
197,0,0.7993311036789298,533,627.207259337191
197,1,0.43238993710691825,576,677.8074697527617
197,2,0.7535496957403651,749,881.3850604944766
197,3,1.0,27,31.772225144660705
197,4,1.0,16,18.827985270910048
198,0,0.7606112054329371,484,569.546554445029
198,1,0.654627539503386,408,480.1136244082062
198,2,0.9266600594648167,965,1135.5628616517622
198,3,1.0,26,30.595476065228826
198,4,1.0,18,21.181483429773802
199,0,0.5773026315789473,426,501.29510783798
199,1,0.38321167883211676,424,498.94160967911625
199,2,0.7807276302851525,821,966.1109942135718
199,3,0.11848341232227488,211,248.29405576012624
199,4,1.0,19,22.35823250920568
200,0,0.5754560530679934,416,489.5276170436612
200,1,0.43312101910828027,347,408.33193056286166
200,2,0.8342967244701349,907,1067.3114150447132
200,3,0.11267605633802817,213,250.64755391899
200,4,1.0,18,21.181483429773802
